Hazard Time,area_class,Object Class
10.991035461425781,"((240, 180), (400, 300))",person
12.09127402305603,"((240, 180), (400, 300))",person
13.630842924118042,"((240, 180), (400, 300))",person
